[
    {
        "id": 1,
        "name": "Too Many Cooks",
        "description": "Morbi non lectus. Aliquam sit amet diam in magna bibendum imperdiet. Nullam orci pede, venenatis non, sodales sed, tincidunt eu, felis.",
        "price": "11758",
        "discount": "18",
        "category": "in-sale",
        "image": "1635889709882.jpg"
    },
    {
        "id": 2,
        "name": "Secret in Their Eyes",
        "description": "In hac habitasse platea dictumst. Etiam faucibus cursus urna. Ut tellus.",
        "price": "13060",
        "discount": "10",
        "category": "visited",
        "image": "1635891367060.jpg"
    },
    {
        "id": 3,
        "name": "Legacy of Rage",
        "description": "Integer tincidunt ante vel ipsum. Praesent blandit lacinia erat. Vestibulum sed magna at nunc commodo placerat.\r\n\r\nPraesent blandit. Nam nulla. Integer pede justo, lacinia eget, tincidunt eget, tempus vel, pede.\r\n\r\nMorbi porttitor lorem id ligula. Suspendisse ornare consequat lectus. In est risus, auctor sed, tristique in, tempus sit amet, sem.",
        "price": "2782",
        "discount": "12",
        "category": "in-sale",
        "image": "1635891387432.jpeg"
    },
    {
        "id": 4,
        "name": "Viva María!",
        "description": "Suspendisse potenti. In eleifend quam a odio. In hac habitasse platea dictumst.\r\n\r\nMaecenas ut massa quis augue luctus tincidunt. Nulla mollis molestie lorem. Quisque ut erat.",
        "price": "13015",
        "discount": "2",
        "category": "in-sale",
        "image": "1635891408252.jpg"
    },
    {
        "id": 5,
        "name": "Love and Sex under Nazi ",
        "description": "Proin eu mi. Nulla ac enim. In tempor, turpis nec euismod scelerisque, quam turpis adipiscing lorem, vitae mattis nibh ligula nec sem.\r\n\r\nDuis aliquam convallis nunc. Proin at turpis a pede posuere nonummy. Integer non velit.\r\n\r\nDonec diam neque, vestibulum eget, vulputate ut, ultrices vel, augue. Vestibulum ante ipsum primis in faucibus orci luctus et ultrices posuere cubilia Curae; Donec pharetra, magna vestibulum aliquet ultrices, erat tortor sollicitudin mi, sit amet lobortis sapien sapien non mi. Integer ac neque.",
        "price": "11975",
        "discount": "8",
        "category": "in-sale",
        "image": "1635891471126.jpg"
    },
    {
        "id": 6,
        "name": "An Amazing Couple",
        "description": "Cum sociis natoque penatibus et magnis dis parturient montes, nascetur ridiculus mus. Vivamus vestibulum sagittis sapien. Cum sociis natoque penatibus et magnis dis parturient montes, nascetur ridiculus mus.\r\n\r\nEtiam vel augue. Vestibulum rutrum rutrum neque. Aenean auctor gravida sem.\r\n\r\nPraesent id massa id nisl venenatis lacinia. Aenean sit amet justo. Morbi ut odio.",
        "price": "12732",
        "discount": "8",
        "category": "visited",
        "image": "1635891495137.jpg"
    },
    {
        "id": 7,
        "name": "Crimson Rivers, The (Rivières pourpres, Les)",
        "description": "Suspendisse potenti. In eleifend quam a odio. In hac habitasse platea dictumst.",
        "price": "6890",
        "discount": "4",
        "category": "in-sale",
        "image": "1635891513107.jpg"
    },
    {
        "id": 8,
        "name": "Crying Freeman",
        "description": "Curabitur in libero ut massa volutpat convallis. Morbi odio odio, elementum eu, interdum eu, tincidunt in, leo. Maecenas pulvinar lobortis est.",
        "price": "7825",
        "discount": "5",
        "category": "visited",
        "image": "1635891531104.jpg"
    },
    {
        "id": 9,
        "name": "Eye of the Devil",
        "description": "Maecenas tristique, est et tempus semper, est quam pharetra magna, ac consequat metus sapien ut nunc. Vestibulum ante ipsum primis in faucibus orci luctus et ultrices posuere cubilia Curae; Mauris viverra diam vitae quam. Suspendisse potenti.\r\n\r\nNullam porttitor lacus at turpis. Donec posuere metus vitae ipsum. Aliquam non mauris.",
        "price": "11425",
        "discount": "9",
        "category": "visited",
        "image": "1635891740134.jpeg"
    },
    {
        "id": 10,
        "name": "Taking Chance",
        "description": "In congue. Etiam justo. Etiam pretium iaculis justo.\r\n\r\nIn hac habitasse platea dictumst. Etiam faucibus cursus urna. Ut tellus.",
        "price": "10008",
        "discount": "9",
        "category": "in-sale",
        "image": "1635893052874.jpeg"
    },
    {
        "id": 11,
        "name": "Ram",
        "description": "prueba",
        "price": "1232",
        "discount": "121321",
        "image": "1635892933569.jpeg"
    }
]